{
    "CNN": {
        "val_accuracy": 0.8575293056807936,
        "val_precision": 0.8570135746606334,
        "val_recall": 1.0,
        "val_f1": 0.9230019493177388
    },
    "BiLSTM": {
        "val_accuracy": 0.8954012623985572,
        "val_precision": 0.9030067895247332,
        "val_recall": 0.9831045406546991,
        "val_f1": 0.9413549039433772
    },
    "Attention-BiLSTM": {
        "val_accuracy": 0.890892696122633,
        "val_precision": 0.8963531669865643,
        "val_recall": 0.986272439281943,
        "val_f1": 0.939165409753645
    }
}